[{
  "_id": {
    "$oid": "65efb3d122f7b2ca77002dae"
  },
  "nombre_usuario": "Ismael",
  "correo": "ismaelmtzballin@gmail.com",
  "contrasenia": "taco1234",
  "pelicula_vistas": [],
  "foto": "https://www.google.com/url?sa=i&url=https%3A%2F%2Flol.fandom.com%2Fwiki%2FSkyshock&psig=AOvVaw17uon9NQDCn6HXP4Jizg9s&ust=1708709981401000&source=images&cd=vfe&opi=89978449&ved=0CBIQjRxqFwoTCOCMiu6-v4QDFQAAAAAdAAAAABAE",
  "listas": [
    {
      "nombre": "",
      "peliculas": [
        "",
        ""
      ]
    }
  ]
},
{
  "_id": {
    "$oid": "65f27878f527ea415d69718f"
  },
  "nombre_usuario": "juanjose",
  "correo": "juanjo@gmail.com",
  "contrasenia": "Contraseña123!",
  "pelicula_vistas": [],
  "foto": null,
  "listas": []
},
{
  "_id": {
    "$oid": "65f3ab73df1f7e92659e09e2"
  },
  "nombre_usuario": "Talache",
  "correo": "Talache@gmail.com",
  "contrasenia": "Contraseña123!",
  "pelicula_vistas": [],
  "foto": null,
  "listas": []
}]