[{
  "_id": {
    "$oid": "65efb30f22f7b2ca77002dad"
  },
  "Titulo": "END GAME",
  "Genero": [
    "Accion",
    "Aventura"
  ],
  "anio": 2019,
  "CalificacionRT": 9.5,
  "Comentarios": [
    {
      "usuario": "",
      "contenido": "",
      "fecha": {
        "$date": "1970-01-01T00:00:00.000Z"
      }
    }
  ],
  "estrellas_usuario": [
    {
      "usuario": "",
      "Calificacion": 0
    }
  ],
  "portada": "https://www.ecartelera.com/carteles/8900/8902/041_m.jpg"
},
{
  "_id": {
    "$oid": "65f394132d82963e530a89bb"
  },
  "Titulo": "TED",
  "Genero": [
    "Comedia",
    "Fantasia"
  ],
  "anio": 2012,
  "CalificacionRT": 7.3,
  "Comentarios": [
    {
      "usuario": "",
      "contenido": "",
      "fecha": {
        "$date": "1970-01-01T00:00:00.000Z"
      }
    }
  ],
  "estrellas_usuario": [
    {
      "usuario": "",
      "Calificacion": 0
    }
  ],
  "portada": "https://www.ecartelera.com/carteles/4700/4726/002_m.jpg"
},
{
  "_id": {
    "$oid": "65f394cd2d82963e530a89bc"
  },
  "Titulo": "MEGAN",
  "Genero": [
    "Terror",
    "Ciencia Ficcion"
  ],
  "anio": 2022,
  "CalificacionRT": 9.3,
  "Comentarios": [
    {
      "usuario": "",
      "contenido": "",
      "fecha": {
        "$date": "1970-01-01T00:00:00.000Z"
      }
    }
  ],
  "estrellas_usuario": [
    {
      "usuario": "",
      "Calificacion": 0
    }
  ],
  "portada": "https://www.ecartelera.com/carteles/17400/17462/002_m.jpg"
},
{
  "_id": {
    "$oid": "65f396042d82963e530a89bd"
  },
  "Titulo": "PASAJEROS",
  "Genero": [
    "Romance",
    "Ciencia Ficcion"
  ],
  "anio": 2016,
  "CalificacionRT": 3,
  "Comentarios": [
    {
      "usuario": "",
      "contenido": "",
      "fecha": {
        "$date": "1970-01-01T00:00:00.000Z"
      }
    }
  ],
  "estrellas_usuario": [
    {
      "usuario": "",
      "Calificacion": 0
    }
  ],
  "portada": "https://www.ecartelera.com/carteles/10200/10234/003_m.jpg"
}]